Workbook

Sheet Instructions
A1: Seatwise — Acceptance Test Plan
A2: Companion to the Seatwise Product Requirements Document. Version 1.1, Requirements ambiguity review · Prepared for Tom Carter, E-gineering
A4: Purpose
A5: Every row on the "Test Cases" tab is a single, self-contained acceptance test derived directly from one requirement in the Seatwise PRD. Each one can be executed and judged pass/fail by someone who has never seen the app or its design before — no knowledge of how it was built is required, only the ability to follow the numbered steps and compare the result to what's expected.
A7: How to use this workbook
A8: 1. Open the "Test Cases" tab. Use the filter arrows on the header row to narrow to a Feature Area, Type, or Priority you want to run — for example, filter Priority = Must to run the safety-critical tests first, or Feature Area = Day-Of / Emergency Mode to test one area in isolation.
A9: 2. For each row, set up whatever the Preconditions column describes, then follow the numbered Test Steps exactly.
A10: 3. Compare what actually happens to the Expected Result column.
A11: 4. Set the Status cell using the dropdown: Pass, Fail, Blocked, or N/A (see definitions below). Rows start as "Not Run."
A12: 5. Fill in Tested By and Date Tested.
A13: 6. If the result was Fail or Blocked, describe exactly what happened in Notes — what you saw instead of the expected result — so it can be reproduced. Include applicable evidence such as a screenshot, exported file name, exact error text, request ID, timestamp, measured duration, or accessibility-report reference.
A15: Status definitions
... A50: Tip: this example row is for reference only — it is not part of the Test Cases tab and should not be edited.

Sheet Test Cases
A1: ID | B1: Requirement Ref | C1: Feature Area | D1: Scenario | E1: Type | F1: Priority | G1: Preconditions | H1: Test Steps | I1: Expected Result | J1: Status | K1: Tested By | L1: Date Tested | M1: Notes
A2: AC-001 | B2: FR-0.1 | C2: Cross-Cutting Invariant | D2: Hard rules cannot be violated by any direct action | E2: Negative | F2: Must | G2: A wedding contains separate valid setups for: a full table; a Must-Sit-Together group; a Must-Not-Sit-Together rule; a Restricted Table with required Guests R1 and R2; and Guest A with Requires Accessible Table = Yes assigned to an Accessible table. Record the original assignments before testing. | H2: 1. Attempt to add a guest to the full table. 2. Attempt to separate one member of the Must-Sit-Together group. 3. Attempt to place two guests covered by the Must-Not-Sit-Together rule at the same table. 4. Attempt to add an unlisted guest to the Restricted Table and to remove required Guest R1. 5. Attempt to move Guest A to a non-Accessible table. | I2: Each complete action is blocked before saving. No assignment changes from the recorded starting state. Each message identifies the applicable rule, affected guests, and affected table or tables. No override is offered. | J2: Not Run
A3: AC-002 | B3: FR-0.1 | C3: Cross-Cutting Invariant | D3: Indirect hard-rule violation flags the guest instead of hiding it | E3: Negative | F3: Must | G3: Guest A is Attending and assigned to Table 5. Table 5 is not Accessible. Guest A has Requires Accessible Table = No. The Current Plan Version is otherwise complete. | H3: 1. Edit Guest A and change Requires Accessible Table from No to Yes. 2. Save the guest. 3. View the Current Plan Version, approval control, and event-ready export control. | I3: Guest A is marked Needs Reassignment and is not presented as validly assigned to Table 5. The plan is visibly incomplete. No other guest is moved automatically. Approval and event-ready export are unavailable until Guest A receives a valid assignment. | J3: Not Run
A4: AC-003 | B4: FR-0.2 | C4: Cross-Cutting Invariant | D4: Soft-rule violations warn but never block | E4: Positive | F4: Must | G4: Guests A and B are Attending, assigned to the same table, and linked by a Prefer-Near rule. An Edit user is signed in. Moving Guest B to Table 2 would violate no hard rule. | H4: 1. Move Guest B from the shared table to Table 2. 2. View the saved plan and the soft-preference information. | I4: The move is saved. A visible, non-blocking warning identifies the Prefer-Near preference. No hard-rule error is shown solely because the preference is unsatisfied. | J4: Not Run
A5: AC-004 | B5: FR-1.1 | C5: Account & Wedding Management | D5: Create an account with multiple weddings | E5: Positive | F5: Must | G5: No planner account exists for the test email address. | H5: 1. Create a planner account with the test email. 2. Create Wedding A. 3. Create Wedding B. 4. Open each wedding from the account. | I5: Both weddings appear in the planner account and each opens independently. | J5: Not Run
A6: AC-005 | B6: FR-1.2 | C6: Account & Wedding Management | D6: Wedding data is fully isolated from other weddings on the same account | E6: Negative | F6: Must | G6: The same planner owns Wedding A and Wedding B. Each wedding has distinct baseline data. | H6: 1. Create a unique guest, rule, table, floor-plan position, Plan Version, comment, activity entry, and access grant in Wedding A. 2. Search and inspect all corresponding views, notifications, exports, and direct requests in Wedding B. | I6: Every item created in Wedding A is absent from Wedding B and no Wedding A data is returned through Wedding B. | J6: Not Run
A7: AC-006 | B7: FR-1.3 | C7: Account & Wedding Management | D7: Enter and save basic wedding details | E7: Positive | F7: Should | G7: A new wedding is being created. | H7: 1. Enter the couple's names, wedding date, and venue name. 2. Leave the optional note blank and save. 3. Reopen the wedding. | I7: The wedding saves and redisplays the entered values without requiring a note. | J7: Not Run
A8: AC-007 | B8: FR-1.3a | C8: Account & Wedding Management | D8: Custom side labels apply everywhere Side is shown | E8: Positive | F8: Should | G8: Guest A is assigned to configured Side 1, Guest B to configured Side 2, and Guest C to Both. At least one rule and current assignment refers to each guest. | H8: 1. Rename Side 1 and Side 2. 2. Inspect every Side display in guest, rule, and plan views. 3. Reopen Guests A, B, and C. | I8: The new labels appear everywhere. Guests A and B remain attached to their original underlying sides, Guest C remains Both, Both remains selectable, and no guest, rule, or assignment is recreated or lost. | J8: Not Run
A9: AC-008 | B9: FR-1.4 | C9: Account & Wedding Management | D9: Invite a collaborator with a specific permission level | E9: Positive | F9: Must | G9: A wedding exists. Test accounts exist for a Couple user and a Collaborator user. | H9: 1. Invite the Couple account with Comment permission. 2. Invite the Collaborator account with Edit permission. 3. Inspect the pending invitations and access list. | I9: Each invitation records role and permission separately. The Couple invitation shows Couple and Comment; the Collaborator invitation shows Collaborator and Edit. Both remain pending until accepted. | J9: Not Run
A10: AC-009 | B10: FR-1.4a | C10: Account & Wedding Management | D10: Invited person must authenticate before seeing any data | E10: Negative | F10: Must | G10: Invitation links are available for new, expired, revoked, already accepted, and wrong-signed-in-account conditions. | H10: 1. Inspect a new invitation email. 2. Open its link while signed out, then accept using the invited account. 3. Open separate expired, revoked, and already accepted links. 4. Open a valid link while signed in as a different account. | I10: The email contains no guest data. Wedding data is hidden until the invitation is accepted by the invited account. Expired, revoked, already accepted, and wrong-account conditions are stated without revealing wedding data or granting access. | J10: Not Run
A11: AC-010 | B11: FR-1.5 | C11: Account & Wedding Management | D11: Invited collaborator sees only the wedding(s) they were invited to | E11: Negative | F11: Must | G11: A planner owns Wedding A and Wedding B. The collaborator account has access only to Wedding A. | H11: 1. Sign in as the collaborator. 2. Search, inspect navigation, use a saved link, and directly request Wedding B data. | I11: Wedding A is accessible. No Wedding B title, client, guest, rule, table, plan, comment, activity, or file data is visible or returned. | J11: Not Run
A12: AC-011 | B12: FR-1.6 | C12: Account & Wedding Management | D12: Revoking access takes effect immediately | E12: Negative | F12: Must | G12: A collaborator has Edit access and Wedding A open. A timer is available. | H12: 1. As Planner, change the collaborator from Edit to View and save; on the collaborator page, submit an edit request. 2. Restore Edit access, then revoke access and save. 3. From the already-open page and a saved link, attempt reads and writes while timing from each save. | I12: The changed permission is enforced on the next request and no later than five seconds after saving. After revocation, reads and writes are denied from both the open page and saved link. | J12: Not Run
A13: AC-012 | B13: FR-2.1 | C13: Guest List Management | D13: Create a guest with only a name; defaults apply | E13: Positive | F13: Must | G13: A wedding exists. | H13: 1. Add a guest with only a full name (leave all other fields blank). | I13: the guest saves with Attendance Status = Attending, Side = Both, Relationship Tier = Unspecified, and an editable household/party grouping; and Unspecified creates no relationship-tier seating preference. | J13: Not Run
... A85: AC-084 | B85: §7, §1 | C85: End-to-End Scenario | D85: Two clients' weddings never cross-contaminate across a full lifecycle | E85: End-to-End | F85: Must | G85: One planner owns Wedding A and Wedding B, with different collaborators granted access to each. | H85: 1. Configure, import, generate, review, approve, edit, and export both weddings independently, checking for cross-contamination at each stage. | I85: no guest, rule, table, floor-plan position, plan, comment, activity entry, access grant, notification, or export content from either wedding appears in or is retrievable through the other wedding. | J85: Not Run

Sheet Summary
A1: Seatwise — Acceptance Test Summary
A2: Counts update automatically from the Test Cases tab as Status values are filled in.
A4: Feature Area | B4: Total Tests | C4: Pass | D4: Fail | E4: Blocked | F4: Not Run / N/A | G4: % Pass
A5: Cross-Cutting Invariant | B5: =COUNTIF('Test Cases'!$C$2:$C$85,A5) | C5: =COUNTIFS('Test Cases'!$C$2:$C$85,A5,'Test Cases'!$J$2:$J$85,"Pass") | D5: =COUNTIFS('Test Cases'!$C$2:$C$85,A5,'Test Cases'!$J$2:$J$85,"Fail") | E5: =COUNTIFS('Test Cases'!$C$2:$C$85,A5,'Test Cases'!$J$2:$J$85,"Blocked") | F5: =B5-C5-D5-E5 | G5: =IFERROR(C5/B5,0)
A6: Account & Wedding Management | B6: =COUNTIF('Test Cases'!$C$2:$C$85,A6) | C6: =COUNTIFS('Test Cases'!$C$2:$C$85,A6,'Test Cases'!$J$2:$J$85,"Pass") | D6: =COUNTIFS('Test Cases'!$C$2:$C$85,A6,'Test Cases'!$J$2:$J$85,"Fail") | E6: =COUNTIFS('Test Cases'!$C$2:$C$85,A6,'Test Cases'!$J$2:$J$85,"Blocked") | F6: =B6-C6-D6-E6 | G6: =IFERROR(C6/B6,0)
A7: Guest List Management | B7: =COUNTIF('Test Cases'!$C$2:$C$85,A7) | C7: =COUNTIFS('Test Cases'!$C$2:$C$85,A7,'Test Cases'!$J$2:$J$85,"Pass") | D7: =COUNTIFS('Test Cases'!$C$2:$C$85,A7,'Test Cases'!$J$2:$J$85,"Fail") | E7: =COUNTIFS('Test Cases'!$C$2:$C$85,A7,'Test Cases'!$J$2:$J$85,"Blocked") | F7: =B7-C7-D7-E7 | G7: =IFERROR(C7/B7,0)
A8: Relationships & Seating Rules | B8: =COUNTIF('Test Cases'!$C$2:$C$85,A8) | C8: =COUNTIFS('Test Cases'!$C$2:$C$85,A8,'Test Cases'!$J$2:$J$85,"Pass") | D8: =COUNTIFS('Test Cases'!$C$2:$C$85,A8,'Test Cases'!$J$2:$J$85,"Fail") | E8: =COUNTIFS('Test Cases'!$C$2:$C$85,A8,'Test Cases'!$J$2:$J$85,"Blocked") | F8: =B8-C8-D8-E8 | G8: =IFERROR(C8/B8,0)
A9: Table & Venue Layout | B9: =COUNTIF('Test Cases'!$C$2:$C$85,A9) | C9: =COUNTIFS('Test Cases'!$C$2:$C$85,A9,'Test Cases'!$J$2:$J$85,"Pass") | D9: =COUNTIFS('Test Cases'!$C$2:$C$85,A9,'Test Cases'!$J$2:$J$85,"Fail") | E9: =COUNTIFS('Test Cases'!$C$2:$C$85,A9,'Test Cases'!$J$2:$J$85,"Blocked") | F9: =B9-C9-D9-E9 | G9: =IFERROR(C9/B9,0)
A10: Automated Seat Assignment Engine | B10: =COUNTIF('Test Cases'!$C$2:$C$85,A10) | C10: =COUNTIFS('Test Cases'!$C$2:$C$85,A10,'Test Cases'!$J$2:$J$85,"Pass") | D10: =COUNTIFS('Test Cases'!$C$2:$C$85,A10,'Test Cases'!$J$2:$J$85,"Fail") | E10: =COUNTIFS('Test Cases'!$C$2:$C$85,A10,'Test Cases'!$J$2:$J$85,"Blocked") | F10: =B10-C10-D10-E10 | G10: =IFERROR(C10/B10,0)
A11: Review & Approval | B11: =COUNTIF('Test Cases'!$C$2:$C$85,A11) | C11: =COUNTIFS('Test Cases'!$C$2:$C$85,A11,'Test Cases'!$J$2:$J$85,"Pass") | D11: =COUNTIFS('Test Cases'!$C$2:$C$85,A11,'Test Cases'!$J$2:$J$85,"Fail") | E11: =COUNTIFS('Test Cases'!$C$2:$C$85,A11,'Test Cases'!$J$2:$J$85,"Blocked") | F11: =B11-C11-D11-E11 | G11: =IFERROR(C11/B11,0)
A12: Manual Adjustment | B12: =COUNTIF('Test Cases'!$C$2:$C$85,A12) | C12: =COUNTIFS('Test Cases'!$C$2:$C$85,A12,'Test Cases'!$J$2:$J$85,"Pass") | D12: =COUNTIFS('Test Cases'!$C$2:$C$85,A12,'Test Cases'!$J$2:$J$85,"Fail") | E12: =COUNTIFS('Test Cases'!$C$2:$C$85,A12,'Test Cases'!$J$2:$J$85,"Blocked") | F12: =B12-C12-D12-E12 | G12: =IFERROR(C12/B12,0)
A13: Day-Of / Emergency Mode | B13: =COUNTIF('Test Cases'!$C$2:$C$85,A13) | C13: =COUNTIFS('Test Cases'!$C$2:$C$85,A13,'Test Cases'!$J$2:$J$85,"Pass") | D13: =COUNTIFS('Test Cases'!$C$2:$C$85,A13,'Test Cases'!$J$2:$J$85,"Fail") | E13: =COUNTIFS('Test Cases'!$C$2:$C$85,A13,'Test Cases'!$J$2:$J$85,"Blocked") | F13: =B13-C13-D13-E13 | G13: =IFERROR(C13/B13,0)
A14: Export & Print | B14: =COUNTIF('Test Cases'!$C$2:$C$85,A14) | C14: =COUNTIFS('Test Cases'!$C$2:$C$85,A14,'Test Cases'!$J$2:$J$85,"Pass") | D14: =COUNTIFS('Test Cases'!$C$2:$C$85,A14,'Test Cases'!$J$2:$J$85,"Fail") | E14: =COUNTIFS('Test Cases'!$C$2:$C$85,A14,'Test Cases'!$J$2:$J$85,"Blocked") | F14: =B14-C14-D14-E14 | G14: =IFERROR(C14/B14,0)
A15: Collaboration & Notifications | B15: =COUNTIF('Test Cases'!$C$2:$C$85,A15) | C15: =COUNTIFS('Test Cases'!$C$2:$C$85,A15,'Test Cases'!$J$2:$J$85,"Pass") | D15: =COUNTIFS('Test Cases'!$C$2:$C$85,A15,'Test Cases'!$J$2:$J$85,"Fail") | E15: =COUNTIFS('Test Cases'!$C$2:$C$85,A15,'Test Cases'!$J$2:$J$85,"Blocked") | F15: =B15-C15-D15-E15 | G15: =IFERROR(C15/B15,0)
A16: Non-Functional: Performance | B16: =COUNTIF('Test Cases'!$C$2:$C$85,A16) | C16: =COUNTIFS('Test Cases'!$C$2:$C$85,A16,'Test Cases'!$J$2:$J$85,"Pass") | D16: =COUNTIFS('Test Cases'!$C$2:$C$85,A16,'Test Cases'!$J$2:$J$85,"Fail") | E16: =COUNTIFS('Test Cases'!$C$2:$C$85,A16,'Test Cases'!$J$2:$J$85,"Blocked") | F16: =B16-C16-D16-E16 | G16: =IFERROR(C16/B16,0)
... A21: End-to-End Scenario | B21: =COUNTIF('Test Cases'!$C$2:$C$85,A21) | C21: =COUNTIFS('Test Cases'!$C$2:$C$85,A21,'Test Cases'!$J$2:$J$85,"Pass") | D21: =COUNTIFS('Test Cases'!$C$2:$C$85,A21,'Test Cases'!$J$2:$J$85,"Fail") | E21: =COUNTIFS('Test Cases'!$C$2:$C$85,A21,'Test Cases'!$J$2:$J$85,"Blocked") | F21: =B21-C21-D21-E21 | G21: =IFERROR(C21/B21,0)
A22: TOTAL | B22: =SUM(B5:B21) | C22: =SUM(C5:C21) | D22: =SUM(D5:D21) | E22: =SUM(E5:E21) | F22: =B22-C22-D22-E22 | G22: =IFERROR(C22/B22,0)
A24: Total acceptance tests: 84, covering every functional requirement (FR-0.x–FR-10.x), every non-functional requirement, and 4 end-to-end scenarios from the PRD.
